(선택)	（可选）
1 / 5 · 여행 기본 정보	1 / 5 · 旅行基本信息
14座车辆 실内	14座车辆内饰
7가지 체험 안내	七种体验说明
7종 중 5종 + 번지점프	七项体验中五项＋蹦极
7종 중 5종 + 비아페라타 + 암벽등반	七项体验中五项＋飞拉达＋攀岩
A·B路线는 예약 시간 내 입장해야 합니다. 시간을 놓치면 좌석이 남은 다른 날짜 또는 시간으로 변경해야 합니다.	A、B路线须在预约时段入场。错过时间后，须改约仍有余位的其他日期或时段。
A·B路线는 예약 시간 안에 입장해야 하며 15분 전 도착을 권장합니다.	A、B路线须在预约时段入场，建议提前15分钟到达。
A路线: 市区 天门山 케이블카 하부역.	A路线：市区天门山索道下站。
B·C路线: 산문 天门山 쾌속 케이블카 하부역. 市区 하부역에서 셔틀버스로 이동합니다.	B、C路线：山门天门山快线索道下站，从市区索道下站乘接驳车前往。
B路线 권장 동선	B路线推荐动线
C路线는 예약 당일 운영시간 안에서 일찍 또는 늦게 입장할 수 있습니다.	C路线可在预约当日营业时间内提前或稍晚入场。
LocalTourChina 咨询 열기	打开 LocalTourChina 咨询
· 罗途查 삼삭일제 상품은 위 3개 케이블카와 백룡엘리베이터를	· 罗途查三索一梯产品升级为上述三条索道与百龙天梯
· 대략 선택 가능	· 可填写大致时间
· 삼삭일제(三索一梯): 천자산·양가계·황석채 케이블카 + 백룡엘리베이터	· 三索一梯：天子山、杨家界、黄石寨索道＋百龙天梯
· 선택사항	· 可选
· 일삭일제(一索一梯): 천자산 케이블카 + 백룡엘리베이터	· 一索一梯：天子山索道＋百龙天梯
‘门票 + 유리다리 + 체험 7종 중 5종’	“门票＋玻璃桥＋七项体验中五项”
‘门票 + 유리다리’는	“门票＋玻璃桥”为
※ ‘삭(索)’은 케이블카, ‘제(梯)’는 엘리베이터를 의미합니다.	※ “索”指索道，“梯”指电梯。
※ 张家界大峡谷의 모든 상품에는 관광지 门票과 유리다리 门票이 包含되어 있습니다.	※ 张家界大峡谷所有产品均包含景区门票与玻璃桥门票。
※ 나이는 여권상 생년월일과 방문일을 기준으로 하며, 현장 확인 결과에 따라 우대 기준이 달라질 수 있습니다.	※ 年龄以护照出生日期和参观日期为准，优惠资格以现场核验为准。
※ 모든 방문객은 여권 韩元본을 지참해야 하며, 유아는 현장에서 보험 구매가 필요할 수 있습니다.	※ 所有游客须携带护照原件，婴幼儿可能需要现场购买保险。
※ 비아페라타·암벽등반·번지점프는 연령, 신장, 체중 및 건강 상태에 따른 현장 안전 확인이 필요합니다.	※ 飞拉达、攀岩、蹦极须按年龄、身高、体重及健康条件进行现场安全核验。
※ 여권정보와 생년월일은 이 페이지에서 받지 않습니다. 견적 咨询 후 예약 단계에서 필요한 정보만 별도로 안내합니다.	※ 本页面不收集护照信息和出生日期。报价咨询后，仅在预订阶段另行说明必要资料。
① 맞춤 일정 복사	① 复制定制行程
② 카카오톡 열기	② 打开 KakaoTalk
一日游 설정	配置一日游
七十二奇楼 내부 관람	七十二奇楼内部游览
七十二奇楼 외부 촬영	七十二奇楼外部拍照
东门·南门 어느 매표소에서든 대표자 1명이 일행 전韩元의 여권 韩元본을 제출해 한 번에 활성화할 수 있습니다.	在东门或南门售票处，可由一名代表提交全体同行人的护照原件统一激活。
产品组合 안내	产品组合说明
优待票 · 경로	优惠票 · 长者
优待票 · 어린이	优惠票 · 儿童
全部 路线 + 모험 체험	全程路线＋冒险体验
全部 路线 + 번지점프	全程路线＋蹦极
凤凰古城 야경	凤凰古城夜景
包含할 请选择用车服务.	请选择需要包含的用车服务。
单独包团 旅行 시작 방법	私人包团旅行开始方式
单独包团 旅行 전용车型	私人包团专用车辆
咨询 내용 확인	核对咨询内容
咨询 요청 방법	咨询方式
复制不等于发送。 카카오톡 咨询창에 붙여넣은 뒤 보내 주세요.	复制不等于发送。请粘贴到 KakaoTalk 咨询窗口后发送。
天门山 경로 优待票 人数	天门山长者优惠票人数
天门山 아래 야외 야간演出	天门山下的户外夜间演出
天门山 어린이 优待票 人数	天门山儿童优惠票人数
峡谷·유리다리·엘리베이터	峡谷、玻璃桥与电梯
张家界 机场接机 서비스	张家界机场接机服务
张家界 머큐어호텔 外观	张家界美居酒店外观
张家界 머큐어호텔	张家界美居酒店
张家界 서역	张家界西站
张家界 허화机场	张家界荷花机场
张家界国家森林公园 조합 할인 적용	适用张家界国家森林公园组合优惠
张家界大峡谷 체험 참여 人数	张家界大峡谷体验人数
张家界大峡谷·유리다리	张家界大峡谷与玻璃桥
张家界市区 기타 교통지점	张家界市区其他交通地点
张家界湘西国际旅行社有限公司 营业执照 韩元본 크게 보기	查看张家界湘西国际旅行社有限公司营业执照原件大图
张家界湘西国际旅行社有限公司 중국 营业执照	张家界湘西国际旅行社有限公司中国营业执照
张家界가게	张家界店铺
张家界까지의 항공·열차 · 旅行保险 · 술·커피·야식 · 개인경비 · 미계획 추가비용 · 럭셔리 호텔/고급 식당 차액	往返张家界的航班或火车、旅行保险、酒水咖啡夜宵、个人消费、计划外费用、豪华酒店或高档餐厅差价
旅行日期를 请选择	请选择旅行日期
无 또는 음식명을 적어 주세요	如无请填“无”，否则填写食物名称
机场 ↔ 武陵源구	机场 ↔ 武陵源区
武陵源 一日游와 삼삭일제 무제한 门票을 함께 예약하면 추가 门票에서 每人당 30,000韩元이 할인됩니다. 一日游와 다른 날짜의 재입장 날짜·시간도 함께 요청할 수 있습니다.	同时预订武陵源一日游与三索一梯不限次门票，附加门票每人优惠30,000韩元。也可一并申请一日游之外的再次入园日期和时间。
武陵源 야간演出	武陵源夜间演出
每人실 수	单人房数量
洞穴·유람선 구간	洞穴与游船区域
罗途查 무제한 삼삭일제: 위 시설을 4일간 횟수 제한 없이 이용합니다.	罗途查不限次三索一梯：上述设施可在四天内不限次使用。
罗途查 발권 확정 메시지를 받은 뒤 방문하세요.	请收到罗途查出票确认消息后再前往。
罗途查는 张家界大峡谷 B路线만 판매하며 모든 상품에 门票이 包含됩니다.	罗途查仅销售张家界大峡谷B路线，所有产品均包含门票。
联系方式와 其他需求을 남겨 주세요	请填写联系方式与其他需求
航班号 참고 목록과 자동 만료 표시는 JavaScript를 켜면 볼 수 있습니다. / 请开启JavaScript查看航班参考及自动过期状态。	请开启 JavaScript 查看航班参考及自动过期状态。
芙蓉镇 왕복 1회 추가	增加一次芙蓉镇往返
路线별 全部 동선	各路线完整动线
车型 包含 인기 일정	含车辆的热门行程
车型·픽업 包含	包含车辆与接送
车型·픽업 설정	配置车辆与接送
门票 + 유리다리 + 체험 7종 중 5종	门票＋玻璃桥＋七项体验中五项
门票 + 유리다리 · 张家界大峡谷 全部 路线 이용 불가	门票＋玻璃桥 · 不可游览张家界大峡谷全程路线
门票 + 친환경 셔틀버스	门票＋环保车
门票 설정	配置门票
门票 예약 包含	包含门票预订
가고 싶은 家을 골라 주세요	请选择想去的景点
가이드 설정	配置导游
가이드·기사 팁은 선택사항이며 강제하지 않습니다.	导游与司机小费自愿，不强制收取。
각 장소를 ‘꼭 가고 싶어요’ 또는 ‘시간이 되면’으로 표시해 주세요. 방문 순서는 시스템이 정합니다.	请将各景点标记为“必须去”或“有时间再去”。系统将安排参观顺序。
각 체험 시설에서 여권을 스캔하면 시스템이 구매한 티켓 종류와 包含 항목을 자동 확인합니다.	在体验设施扫描护照后，系统会自动核验已购买票种及包含项目。
객실과 식사 요청을 알려 주세요	请填写房间与饮食需求
건강·이동 관련 메모	行动与出行辅助需求
걷기를 줄이고 케이블카·엘리베이터 선호	减少步行，优先索道与电梯
고객 맞춤 일정 요청	顾客定制行程需求
고급 레스토랑 희망	希望安排高档餐厅
고급형 호텔 · 전용车型 · 한국어 가이드 · 일정상 门票 · 호텔 早餐 및 每日 중·석식 · 张家界 机场/서역 픽업·샌딩	高档酒店、专用车辆、韩语导游、行程内门票、酒店早餐及每日午晚餐、张家界机场或西站接送
고성 야경을 위해 1박 권장	建议住一晚欣赏古城夜景
공식 사유로 全部 이용이 불가능하면 전액 환불합니다. 일부 시설만 중단된 경우 환불액은 관광지가 정하며 罗途查가 안내합니다.	因官方原因无法使用全部项目时全额退款。仅部分设施停运时，退款金额由景区决定并由罗途查告知。
공식 휴장으로 입장이 불가능하면 罗途查가 연락해 전액 환불합니다.	因官方闭园无法入场时，罗途查将联系您并全额退款。
공식 휴장으로 입장이 불가능하면 전액 환불합니다. 일부 교통시설만 중단된 경우 부분 환불은 없습니다.	因官方闭园无法入场时全额退款。仅部分交通设施停运时不提供部分退款。
관광객 전韩元의 선명한 여권 정보면 사진을 준비하고 여권 유효기간을 请确认. 결제 후 3일 이내 KakaoTalk 频道로 답변드리며,	请准备全体游客清晰的护照资料页照片并核对有效期。付款后三日内将通过 KakaoTalk 回复，
교통시설 이용 횟수	交通设施使用次数
금색 · 꼭 가고 싶어요	金色 · 必须去
기본 包含	基本包含
기본 객실	标准房间
기본은 고급형 호텔과 일정에 맞는 식사이며, 업그레이드는 별도 견적입니다.	默认安排高档酒店与适合行程的餐饮，升级需求另行报价。
기타	其他
꼭 가고 싶어요	必须去
나의 单独包团 旅行	我的私人包团旅行
날짜 변경은 언제든 요청할 수 있으나 잔여 좌석이 있어야 합니다.	可申请修改日期，须以仍有余位为条件。
날짜·시간·路线 변경은 언제든 요청할 수 있으나 잔여 좌석이 있어야 합니다.	可申请修改日期、时间与路线，须以仍有余位为条件。
날짜·시간·입구 변경은 언제든 요청할 수 있으나 잔여 좌석이 있어야 합니다.	可申请修改日期、时间与入口，须以仍有余位为条件。
날짜를 입력해 주세요.	请填写日期。
날짜와 시각을 기준으로 숙박 일수와 관광 가능한 시간을 자동 계산합니다.	根据抵达和离开的日期时间，自动计算住宿晚数与可游览时间。
날짜와 희망 장소를 입력해 주세요.	请填写日期与希望前往的地点。
내 참고 일정 만들기	生成参考行程
다음 · 가고 싶은 家 선택	下一步 · 选择景点
다음 · 객실과 식사	下一步 · 房间与饮食
답변 언어	回复语言
도착 예정 시각	预计抵达时间
도착·출발 정보를 알려 주세요	请填写抵达与离开信息
돼지고기 제외	不吃猪肉
두 번째 예약 날짜	第二次预约日期
두 번째 예약 시간	第二次预约时间
두 번째 예약일은 첫 번째 예약일 다음 날부터 激活后4天有效기간 안에서 请选择.	第二次预约日期须为首次预约次日起，并在激活后的四天有效期内。
럭셔리 호텔 업그레이드 咨询	咨询豪华酒店升级
만족해요 · 咨询 요청	确认行程 · 发起咨询
맞은편에서 야경 사진 촬영	在对面拍摄夜景
매운 음식 선호	辣度偏好
매운맛 선호	喜欢辣味
맵지 않게	不辣
머큐어호텔 双床房	美居酒店双床房
머큐어호텔 外观	美居酒店外观
머큐어호텔 大床房	美居酒店大床房
머큐어호텔 早餐	美居酒店早餐
모든 상품 공통 不包含	所有产品均不包含
모든 성인·어린이·유아는 여권 韩元본이 필요하며 유아는 현장에서 QR코드로 보험을 별도 구매해야 할 수 있습니다.	所有成人、儿童与婴幼儿均须携带护照原件，婴幼儿可能须现场扫码另购保险。
무릎·허리 불편 / 저강도 필요	膝腰不适，需要低强度行程
미정이면 비워 두세요	尚未确定可留空
반일 路线	半日路线
방문 15영업일 전까지 무료 취소, 7영업일 전부터 15영업일 미만은 취소 人数 티켓값의 20% 수수료, 7영업일 미만은 환불 불가입니다. 사용 후에는 환불할 수 없으며 승인된 환불은 보통 3영업일 이내 처리됩니다.	参观前至少15个工作日可免费取消；提前7至不足15个工作日取消，收取取消人数票价的20%；不足7个工作日不退款。使用后不退款，已批准的退款通常在三个工作日内处理。
방문 15영업일 전까지 무료 취소, 7영업일 전부터 15영업일 미만은 취소 人数 티켓값의 20% 수수료, 7영업일 미만은 환불 불가입니다.	参观前至少15个工作日可免费取消；提前7至不足15个工作日取消，收取取消人数票价的20%；不足7个工作日不退款。
백룡엘리베이터·袁家界·천자산 · 보통 종일	百龙天梯、袁家界、天子山 · 通常需一整天
변경·취소	修改与取消
변경·환불	修改与退款
별도 또는 不包含	另计或不包含
보통	一般
보행·이동 상태	步行与行动状况
보행街景·야시장·대형超市·자유시간, 여행사 쇼핑점 아님	步行街、夜市、大型超市与自由活动，不安排旅行社购物店
사업자 联系方式	企业联系方式
삼삭일제(三索一梯) 무제한 패키지	三索一梯不限次套餐
상품명은 ‘7종 중 5종’이지만, 이는 일반 동선에서 보통 약 5종을 이용한다는 뜻입니다. 고공 짚라인, 일선천 미끄럼길, 오왕파 미끄럼길, 아이샹페이 VR, 보물찾기 엘리베이터, 조각 엘리베이터, 무지개호 유람선 중 시간과 동선이 맞으면 7종 모두 이용할 수 있으며 추가 요금은 없습니다.	“七项体验中五项”指一般动线通常体验约五项。高空滑索、一线天滑道、吴王坡滑道、爱上飞VR、寻宝电梯、雕刻电梯及彩虹号游船，若时间与动线允许，可使用全部七项，无附加费用。
선택 상태 안내	选择状态说明
선택 안 함	不选择
선택한 시간에 맞춰 관광 가능한 일정을 계산합니다.	按照所选时间计算可安排的游览行程。
선택한 우선순위와 이동 동선을 반영했습니다. 세부 순서는 예약·날씨·현장 상황에 따라 최종 조정됩니다.	已参考所选优先级与交通动线，具体顺序将根据预约、天气与现场情况最终调整。
성인·어린이·유아 모두 여권 韩元본이 필요합니다.	成人、儿童与婴幼儿均须携带护照原件。
성함·호칭	姓名或称呼
소고기 제외	不吃牛肉
숙박 包含 인기 일정	含住宿的热门行程
시간·변경·환불	时间、修改与退款
시간을 놓치면 잔여 좌석이 있는 다른 시간으로 다시 예약해야 하며 가능 여부는 보장되지 않습니다.	错过时段后须改约仍有余位的其他时间，不保证一定可改约。
시간이 되면	有时间再去
식사 제한 (복수 선택)	饮食限制（可多选）
식사비 1餐 +10,000韩元	一餐餐费＋10,000韩元
식사비 2餐 +20,000韩元	两餐餐费＋20,000韩元
십리화랑 관광열차와 공중전韩元 전동차는 包含되지 않으며, 이용 시 현장에서 별도 구매해야 합니다.	不包含十里画廊小火车与空中田园电瓶车，使用时须现场另购。
싼야·하이난	三亚·海南
아동 동반 객실	儿童同住房间
아동·어르신 부드러운 음식	为儿童与长者安排易咀嚼食物
아래 버튼으로 요청 내용을 복사	使用下方按钮复制需求内容
아직 항공권·열차표를 예약하지 않으셨나요?	尚未预订航班或火车票？
알레르기	食物过敏
야간 机场接机 서비스	夜间机场接机服务
야경 包含	包含夜景
양고기 제외	不吃羊肉
여권 사진·복사본·전자 파일은 사용할 수 없습니다. 첫 입장 후에도 여권 韩元본을 항상 지참하세요.	不可使用护照照片、复印件或电子文件。首次入场后也须随身携带护照原件。
여행 속도	旅行节奏
연령 구성	年龄构成
열차	火车
예: 40대 2人 / 70대 1명	例如：40多岁两人、70多岁一人
예: BX371	例如：BX371
예: kakao123 / 010-0000-0000	例如：KakaoTalk ID 或电话号码
예: 旅行途中 저녁 1회 고급 레스토랑	例如：旅途中安排一次高档餐厅晚餐
예: 武陵源 호텔 → 张家界大峡谷 → 黄龙洞 → 호텔	例如：武陵源酒店 → 张家界大峡谷 → 黄龙洞 → 酒店
예: 계단이 어렵습니다 / 80세 어르신 동행	例如：不便走楼梯、同行有80岁长者
예: 김민수 님	例如：张先生
예: 아동 1명 부모와 동실	例如：一名儿童与父母同住
예상 도착 교통	预计抵达交通方式
예상 출발 교통	预计离开交通方式
예약 당일 08:00–15:00 사이 자유롭게 입장할 수 있으며 재입장은 불가합니다.	预约当日可在08:00–15:00入场，不可再次入园。
예약 시간과 激活后4天有效기간	预约时段与激活后四天有效期
예약 시작 약 10분 전 활성화를 권장하며 반드시 예약 시간 종료 전까지 완료해야 합니다.	建议在预约时段开始前约10分钟激活，务必在预约时段结束前完成。
오렌지호텔 双床房	桔子酒店双床房
오렌지호텔 外观	桔子酒店外观
오렌지호텔 大床房	桔子酒店大床房
오렌지호텔 早餐	桔子酒店早餐
완성된 일정을 咨询韩元에게 보내기 위한 마지막 단계입니다.	这是将完整行程发送给咨询人员的最后一步。
운무가 흐르는 张家界峰林风光	云雾中的张家界峰林风光
유람선과 가벼운 자연 관광	游船与轻松自然观光
유리다리만 관람하고 되돌아오는 왕복 관광객용	适合仅参观玻璃桥后原路返回的游客
유리다리만 왕복	仅玻璃桥往返
유효기간은 최초 활성화 당일부터 4일간입니다. 퇴장 후 다시 입장하려면 같은 날이라도 새 예약이 필요합니다.	从首次激活当日起四天有效。离园后再入园，即使是同一天也须重新预约。
이상 상품을 请选择.	请选择以上产品。
이전	上一步
인기 일정과 맞춤 일정 다시 선택	重新选择热门或定制行程
일반 보행·산악 관광 가능	可正常步行与山地游览
일반 삼삭일제: 천자산·양가계·황석채 케이블카 각 1회 + 백룡엘리베이터 1회. 상·하행은 각각 1회로 계산합니다.	普通三索一梯：天子山、杨家界、黄石寨索道各一次＋百龙天梯一次，上下行各计一次。
일부 한식 희망	希望安排部分韩餐
일삭일제(一索一梯) 패키지	一索一梯套餐
일삭일제: 천자산 케이블카 1회 + 백룡엘리베이터 1회.	一索一梯：天子山索道一次＋百龙天梯一次。
일정 다시 보기	重新查看行程
입니다. 张家界大峡谷 全部 路线를 끝까지 관광하려면 반드시	。若要游览张家界大峡谷完整路线，须选择
입장 장소	入场地点
입장 후 演出·상가 관람	入场后观看演出与游览商铺
입장과 이용 방법	入场与使用方法
자동 구성된 참고 일정	自动生成的参考行程
자유여행객은 4번 주차장에서 내려 무료 셔틀버스로 입구까지 이동하는 방법을 권장합니다.	自由行游客建议在四号停车场下车，乘免费接驳车前往入口。
정상 입장이 가능하나 일부 시설만 중단된 경우 부분 환불은 없습니다.	可正常入场但部分设施停运时，不提供部分退款。
조건 수정	修改条件
종이 티켓 교환 없이 입구에서 여권 韩元본과 얼굴을 함께 확인합니다.	无需换取纸质票，入口核验护照原件与人脸。
종이 티켓 교환 없이 입구에서 여권 韩元본을 스캔해 입장합니다.	无需换取纸质票，在入口扫描护照原件入场。
종이 티켓 교환 없이 첫날 입구 옆 매표소에서 여권 韩元본으로 활성화합니다.	无需换取纸质票，首次入园当天在入口旁售票处凭护照原件激活。
종일 路线	全天路线
참고 일정 + 咨询 요청서	参考行程＋咨询需求单
창사·충칭 등 单独咨询	长沙、重庆等地点另行咨询
채식	素食
첫 번째 예약 날짜	首次预约日期
첫 번째 예약 시간	首次预约时间
첫 입장 때 얼굴과 여권을 함께 확인하며 이후 개찰구와 包含된 케이블카·백룡엘리베이터는 얼굴 인식으로 이용합니다.	首次入场核验人脸与护照，此后闸机以及包含的索道、百龙天梯使用人脸识别。
첫 입장 시 얼굴과 여권을 확인하고 이후 개찰구에서는 얼굴 인식으로 통과합니다.	首次入场核验人脸与护照，此后闸机通过人脸识别通行。
첫 입장은 예약한 입구와 시간에 맞춰야 하며 약 10분 전 활성화를 권장합니다.	首次入场须遵守预约入口与时段，建议提前约10分钟激活。
첫 확인 후 다른 개찰구와 교통시설에서는 여권 韩元본을 다시 스캔합니다.	首次核验后，在其他闸机与交通设施仍须扫描护照原件。
체험 참여 人数	体验参与人数
초록색 · 시간이 되면	绿色 · 有时间再去
최초 예약은 최대 2회까지 가능합니다. 3회차부터는 첫 입장 직후 KakaoTalk 频道로 날짜·시간·입장자 명단을 보내 주세요.	首次可预订最多两次。第三次起，请在首次入场后通过 KakaoTalk 提交日期、时间与入园名单。
출발 예정 시각	预计离开时间
카시트, 휠체어, 짐 크기 등	儿童安全座椅、轮椅、行李尺寸等
카카오톡 ID 또는 韩国电话번호	KakaoTalk ID 或韩国电话号码
카카오톡 채널에서 罗途查 咨询하기	通过 KakaoTalk 向罗途查咨询
카카오톡을 열고 咨询韩元에게 붙여넣기	打开 KakaoTalk 并粘贴给咨询人员
트윈·더블 혼합	双床与大床混合
티켓 가격에 기본 包含	票价基本包含
티켓 선택 전 꼭 확인하세요	选票前请务必确认
티켓은 예약 당일 1회만 사용할 수 있으며 재입장할 수 없습니다.	门票仅限预约当日使用一次，不可再次入园。
티켓은 최초 활성화일부터 4일간 유효합니다. 온라인 사전 예약은 서로 다른 날짜로 최대 2회 가능하며, 두 날짜의 간격은 4일을 초과할 수 없습니다.	门票自首次激活日起四天有效。线上可预订两个不同日期，两次日期间隔不得超过四天。
편명·열차번호	航班或车次
편명·열차번호는 비워 두셔도 됩니다. 희망 날짜와 대략적인 도착·출발 시각만 请选择.	航班或车次可留空，请填写希望出行的日期及大致抵达、离开时间。
폭포마을·야경, 장街景 당일 이동	瀑布古镇与夜景，可从张家界当日往返
표준 4~6小时 또는 핵심 압축 2시간	标准4–6小时或精华2小时
표준 4~6小时	标准4–6小时
한국어 与导游会合 서비스	韩语导游会合服务
한국어·中文 모두 가능	韩语与中文均可
한국어	韩语
한식 비중 높게 희망	希望更多韩餐
한식 선호	韩餐偏好
할 수 있도록 업그레이드됩니다.	不限次使用。
해산물 제외	不吃海鲜
핵심 압축 2시간	精华2小时
현장 안전 조건 확인 필수 ·	须现场核验安全条件 ·
현지 대형超市	当地大型超市
현지 자유 쇼핑	当地自由购物
현지식 중심 괜찮음	可接受以当地餐饮为主
호텔, 车型, 고급 식사, 기념일 등 补充需求을 적어 주세요.	请填写酒店、车辆、高档餐饮、纪念日等补充需求。
호텔·관광지·정확한 주소	酒店、景区或准确地址
홈인플러스호텔 双床房	如家精选酒店双床房
홈인플러스호텔 外观	如家精选酒店外观
홈인플러스호텔 大床房	如家精选酒店大床房
홈인플러스호텔 早餐	如家精选酒店早餐
활성화 또는 사용 후에는 환불할 수 없습니다. 승인된 환불은 보통 3영업일 이내 처리됩니다.	激活或使用后不退款。已批准的退款通常在三个工作日内处理。
활성화 장소와 관계없이 실제 첫 입장은 예약한 입구에서 해야 합니다.	无论在哪里激活，实际首次入场均须使用预约入口。
활성화와 입장	激活与入场
황석채·金鞭溪 도보 · 반일 또는 종일	黄石寨与金鞭溪步行 · 半天或全天
횟수 제한 없이 이용	不限次使用
효도·저강도	长者友好、低强度
휠체어·특별 보조 필요	需要轮椅或特别辅助
희망 抵达日期	希望抵达日期
희망 离开日期	希望离开日期
희망 行车路线	希望行车路线
흰색 선택칸 · 눌러서 변경	白色选择框 · 点击修改
선택한 우선순위와 이동 동선을 반영한 참고 일정입니다.	已根据所选优先级与交通动线生成参考行程。
离开日期는 抵达日期보다 늦거나 같아야 합니다.	离开日期须不早于抵达日期。
가고 싶은 家	想去的景点
꼭 가고 싶은 家	必须去的景点
有时间再去 가고 싶은 家	有时间希望前往的景点
여행 기본 정보	旅行基本信息
객실과 식사	房间与饮食
推荐 일정 확인	确认推荐行程
참고 일정 확인	核对参考行程
咨询 요청	咨询需求
연락처 입력	填写联系方式
선택한 조건	所选条件
선택됨	已选择
선택 →	选择 →
열기 →	打开 →
먼저 必填信息를 입력해 주세요	请先填写必填信息
동일 호텔 연박	同一酒店连住
현지 자유시간 · 쇼핑	当地自由活动与购物
机场/역 미팅 · 전용车型 픽업	机场或车站会合，专车接送
天门山 케이블카 · 정상부 · 天门洞	天门山索道、山顶与天门洞
식사 · 호텔 체크인	用餐与酒店入住
호텔 早餐 · 체크아웃	酒店早餐与退房
체크아웃 · 전용车型 샌딩	退房与专车送站
航班号/火车 시각에 맞춰 机场·역 이동	按航班或火车时间前往机场或车站
보행街景·야시장 · 현지 식사	步行街、夜市与当地餐饮
휴식 또는 咖啡馆	休息或咖啡馆
대형超市 · 자유 쇼핑	大型超市与自由购物
일정 강도	行程强度
가벼움	轻松
객실	房间
每人실	单人房
고급 식당 요청	高档餐厅需求
고급형 호텔, 전용车型, 韩语 가이드, 일정상 门票, 호텔 早餐 및 每日 중·석식, 张家界 机场/서역 픽업·샌딩	高档酒店、专用车辆、韩语导游、行程门票、酒店早餐与每日午晚餐、张家界机场或西站接送
张家界까지의 교통, 旅行保险, 술·커피·야식, 개인경비, 미계획 추가비용, 업그레이드 차액	往返张家界交通、旅行保险、酒水咖啡夜宵、个人消费、计划外费用、升级差价
※ 가격은 담당자가 가능 여부와 세부 동선을 확인한 뒤 개별 안내해 주세요.	※ 工作人员确认可行性与具体动线后将单独报价。
가격을 표시하지 않습니다.	价格由工作人员单独报价。
맞춤 일정 요청	定制行程需求
单独包团 旅行	私人包团旅行
상품 기록	产品记录
여행 기간	旅行日期
자동 구성 참고 일정	自动生成的参考行程
번호 미정	编号未定
건강 메모	出行辅助需求
입력 후 복사	填写后复制
기본 정보	基本信息
고객	顾客
시행	生效
교통	交通
도착	抵达
출발	离开
오전	上午
오후	下午
저녁	晚上
연령	年龄
보행	步行
식사	餐饮
매운맛	辣度
제한	限制
필수	必选
희망	希望
가이드	导游
요청	需求
호텔	酒店
픽업	接送
샌딩	送站
체크인	入住
체크아웃	退房
케이블카	索道
쾌속	快线
하부역	下站
상부역	上站
중간역	中站
산문	山门
정상부	山顶
광장	广场
셔틀버스	接驳车
왕복	往返
하산	下山
복귀	返回
관광	游览
유리다리	玻璃桥
엘리베이터	电梯
암벽 유리잔도	悬崖玻璃栈道
비행극장	飞行影院
고공 짚라인	高空滑索
일선천 미끄럼길	一线天滑道
무지개광장	彩虹广场
신구탐계	神龟探溪
일렴유몽	一帘幽梦
모모동	摸摸洞
신천호 유람선	神泉湖游船
주차장	停车场
센터	中心
천자산	天子山
양가계	杨家界
황석채	黄石寨
백룡	百龙
시설	设施
이용	使用
추가	附加
시간	小时
미정	未定
추천	推荐
NO PRICE	人工报价
航班号/火车 시각에 맞춰 机场·역 이동	按航班或火车时间前往机场或车站
고급 식당	高档餐厅
고급형	高档
전용车型	专用车辆
일정상	行程内
및 每日 중·석식	与每日午晚餐
机场/서역	机场或西站
팁:	小费：
상담 정보	咨询信息
咨询 정보	咨询信息
선택	选择
是선택	是选择
없이	无需
입력해 주세요	请填写
계산	计算
생성	生成
정확한	准确的
남겨 주세요	请填写
시각에 맞춰	按照时间
·역 이동	或车站接送
부터	起
其他 특수地区	其他特殊地区
편도	单程
游览지를 选择하면 韩语·중국어 咨询内容이 자동으로 만들어집니다.	选择景点后，将自动生成咨询内容。
抵达일과 离开일을 올바르게 请填写.	请正确填写抵达与离开日期。
旅行日期를 입력하면 맞춤 咨询 내용이 자동으로 만들어집니다.	填写旅行日期后，将自动生成定制咨询内容。
