张家界 현지 여행 서비스의 실제 제공 주체와 咨询 联系方式를 투명하게 안내합니다.	在此公开张家界当地旅行服务的实际提供方及咨询联系方式。
중국 현지 법인	中国当地法人
여행 서비스 제공업체	旅行服务提供方
张家界 샹시 국제여행사 유한회사	张家界湘西国际旅行社有限公司
법정대표인	法定代表人
등록 주소	注册地址
허가된 사업 범위	许可经营范围
중국 국내여행 · 중국 인바운드여행 · 티켓 대행	中国国内旅游、入境旅游及票务代理
운영 담당자	运营负责人
남영규	南英奎
KakaoTalk 채널	KakaoTalk 频道
로컬旅行차이나	LocalTourChina
KakaoTalk ID 복사	复制 KakaoTalk ID
WeChat ID 복사	复制微信 ID
로컬旅行차이나 咨询 열기	打开 LocalTourChina 咨询
아래 문서는 중국 법인 营业执照(营业执照)입니다. 여행사 업무경영허가증 정보는 해당 증빙 확인 후 별도로 표시합니다.	下方为中国公司的营业执照。旅行社业务经营许可证信息将在核验相应文件后另行展示。
안내:	说明：
중국 营业执照 · 이미지를 누르면 크게 볼 수 있습니다.	中国营业执照，点击图片查看大图。
张家界 데이旅行	张家界一日游
武陵源精华 완전 정복 1일 旅行	武陵源精华全景一日游
아바타의 실제 배경부터 魅力湘西 演出까지	从《阿凡达》取景地到魅力湘西演出
250,000韩元부터	250,000韩元起
天门山 클래식 1일 旅行	天门山经典一日游
张家界市区와 天门山을 하루에	一天游览张家界市区与天门山
170,000韩元부터	170,000韩元起
黄龙洞 + 张家界大峡谷 1일 旅行	黄龙洞与张家界大峡谷一日游
洞穴부터 유리다리와 협곡 트레킹까지	从溶洞、玻璃桥到峡谷步道
230,000韩元부터	230,000韩元起
현지 상황과 날씨에 따라 세부 순서가 바뀔 수 있습니다.	具体游览顺序可能随当地情况和天气调整。
09:00 호텔 픽업 · 张家界国家森林公园 입장	09:00 酒店接客，进入张家界国家森林公园
십리화랑 · 백룡엘리베이터	十里画廊与百龙天梯
11:20 韩元가계 · 아바타 촬영지	11:20 袁家界与《阿凡达》取景地
12:30 점심식사	12:30 午餐
13:30 양가계 환승 · 천자산 케이블카	13:30 杨家界换乘与天子山索道
16:30 자유시간 · 저녁식사 개별 이용	16:30 自由活动，晚餐自理
20:30 武陵源 또는 张家界市区 샌딩	20:30 送回武陵源或张家界市区
케이블카 1회 · 백룡엘리베이터 1회	索道一次、百龙天梯一次
십리화랑 관광열차 왕복	十里画廊观光小火车往返
魅力湘西 지정석 演出	魅力湘西指定座位演出
점심 1회 · 한국어 가이드 · 车型	一次午餐、韩语导游与车辆
张家界市区 또는 武陵源 호텔 픽업·샌딩	张家界市区或武陵源酒店接送
불포함	不包含
포함	包含
여행자보험	旅行保险
저녁식사	晚餐
개인경비 및 쇼핑 비용	个人消费及购物费用
여권 필수 · 아동 제외 최소 2인 출발 · 최소 7일 전 예약 권장 · 다른 여행객과 조인 가능	须携带护照，儿童除外至少两人出发，建议提前七天预订，可能与其他旅客拼团
성인 · 만 18~65세	成人，18至65周岁
청소년 · 만 14~17세	青少年，14至17周岁
어린이 · 만 13세 이하	儿童，13周岁及以下
경로 · 만 66세 이상	长者，66周岁及以上
날짜, 인韩元, 接站地点와 送达地点를 모두 입력해 주세요.	请填写日期、人数、接客地点和送达地点。
인韩元을 请选择	请选择人数
旅行天数 미선택	尚未选择出行日期
픽업 미입력 → 샌딩 미입력	尚未填写接客地点与送达地点
지역별 로컬 생활 지도	各地生活地图
지역	地区
服务日期를 모두 입력해 주세요. 지난 날짜와 중복 날짜는 선택할 수 없습니다.	请填写全部服务日期，不可选择过去或重复的日期。
※ 意向导游는 일정 확인 후 최종 확정됩니다. 12인 이상은 별도 문의가 필요합니다.	意向导游将在确认档期后最终确定，12人以上请单独咨询。
门票 + 데이旅行 + 현지가이드를 한 번에 조합할 수 있습니다.	可以将门票、一日游和当地导游组合咨询。
门票 예약 포함	包含门票预订
다른 날짜 또는 추가 입장 일정도 함께 문의	可同时咨询其他日期或额外入园安排
데이旅行 포함	包含一日游
선택한 1일 旅行와 인韩元별 요금	所选一日游及按人数计算的费用
현지가이드 포함	包含当地导游
单独包团 또는 조인 가이드 동행	私人导游或拼团导游陪同
车型·픽업 포함	包含用车与接送
机场 이동 또는 全天专车	机场接送或全天专车
먼저 请选择需要的服务. 선택한 서비스의 설정 버튼이 아래에 표시됩니다.	请先选择需要的服务，下方将显示对应配置入口。
포함할 请选择用车服务.	请选择要包含的用车服务。
조합 预计总金额	组合预计总金额
통합 预订咨询内容	综合预订咨询内容
必填信息를 확인	确认必填信息
咨询内容을 복사	复制咨询内容
KakaoTalk 咨询창에 붙여넣은 뒤 보내 주세요.	请粘贴到 KakaoTalk 咨询窗口并发送。
복사만 하면 전송되지 않습니다.	复制不等于发送。
① 통합 复制咨询内容	① 复制综合咨询内容
숙박 포함 인기 일정	含住宿的热门行程
车型 포함 인기 일정	含用车的热门行程
직접 일정 만들기	自行搭配行程
어떤 방식으로 시작할까요?	您想如何开始？
推荐 일정을 고른 뒤에도 航班号 시간에 맞춰 자동으로 순서를 조정합니다.	选择推荐行程后，仍可按航班时间自动调整顺序。
인기 일정 바로 선택	选择热门行程
실제 咨询에서 가장 많이 선택한 4개 路线	实际咨询中常选的四条线路
내 일정 직접 만들기	搭配自己的行程
관광지와 여행 속도를 하나씩 직접 선택	逐项选择景区与旅行节奏
가장 많이 선택한 일정	常选行程
먼저 全部 구성을 확인하고, 선택 후 내 航班号에 맞춘 참고 일정을 받아보세요.	先了解完整安排，再根据您的航班查看参考行程。
짧고 알차게	紧凑而充实
3박 4일 · 핵심 압축	四天三晚，精华路线
天门山, 张家界国家森林公园东门, 黄龙洞과 张家界大峡谷까지 张家界 3대 핵심을 집중해서 봅니다.	集中游览天门山、张家界国家森林公园东门、黄龙洞与张家界大峡谷等核心景区。
핵심 집중	聚焦精华
빠른 일정	紧凑行程
항공시간 중요	须匹配航班时间
상세 일정 보기 →	查看详细行程
MOST POPULAR · 가장 많이 선택	热门选择
4박 5일 · 张家界 클래식	五天四晚，张家界经典路线
대표 관광지를 무리 없이 나누어 보는 가장 안정적이고 推荐하기 쉬운 기본 일정입니다.	将主要景区分日安排，节奏较均衡的经典路线。
여유 균형	均衡节奏
첫 방문 推荐	适合首次到访
시내 연박	市区连续住宿
야경 포함	含夜景
4박 5일 · 张家界＋芙蓉镇	五天四晚，张家界与芙蓉镇
张家界 핵심 관광과 절벽 폭포마을 芙蓉镇의 저녁·야경을 함께 즐기는 일정입니다.	游览张家界核心景区，并欣赏芙蓉镇瀑布古镇的傍晚与夜景。
오후 출발	下午出发
22시 전후 귀환	约22时返回
이동 많음	移动较多
고성 1박	古城住一晚
5박 6일 · 张家界＋凤凰古城	六天五晚，张家界与凤凰古城
张家界 핵심 일정 후 凤凰古城에서 야경과 아침 산책을 즐기는 가장 완성도 높은 장街景 路线입니다.	游览张家界核心景区后，在凤凰古城欣赏夜景并晨间散步的完整路线。
봉황 1박	凤凰住一晚
마지막 2일	最后两天
늦은 출발 推荐	建议较晚离开
旅行故事 19편	19篇旅行故事
按发布日期由新到旧 · 2026.09.28 기준	按发布日期由新到旧，更新于2026.09.28
예약 후 도움이 더 필요하신가요?	预订后还需要其他帮助吗？
기본 예약 서비스와 선택형 온라인 지韩元을 구분해 请确认.	请区分基础预订服务与可选在线支持。
발권 · 입장 전 알림 · 입장 날짜/시간 변경 신청 1회 지韩元	出票、入园前提醒及一次入园日期或时间变更申请协助
티켓 가격에 기본 포함	门票价格已包含基础服务
※ 변경은 관광지 잔여석과 운영 규정에 따라 확정되며 성공을 보장하지 않습니다.	变更须根据景区剩余名额与规则确认，不保证成功。
온라인 여행 도우미 · 안심지韩元	在线旅行助手与支持
旅行途中 온라인 中文沟通과 돌발 상황 대응 안내	旅途中在线中文沟通及突发情况应对指引
+30,000韩元/팀 · 최대 4일	每组加30,000韩元，最多四天
입장·교통·동선 문제 咨询	入园、交通和游览路线问题咨询
호텔·기사·관광지와의 의사소통 지韩元	协助与酒店、司机及景区沟通
예상하지 못한 상황의 해결 방법 안내 및 긴급 연락 보조	突发情况处理指引与紧急联系协助
의료비·교통비·티켓 차액·기타 비용을 대신 지불하거나 보상하지 않으며, 문제 해결 결과를 보장하지 않습니다.	不代付或赔偿医疗费、交通费、门票差价等费用，不保证问题处理结果。
보험 상품이 아닙니다.	这不是保险产品。
관광객 전韩元의 선명한 여권 정보면 사진을 준비하고 여권 유효기간을 请确认. 결제 후 3일 이내 KakaoTalk 채널로 답변드리며,	请准备所有旅客清晰的护照信息页照片并核实有效期。付款后三天内通过 KakaoTalk 回复，
발권 확정 메시지를 받아야 예약이 최종 완료	收到出票确认消息后，预订才最终完成
됩니다. 잔여석 부족으로 발권하지 못하면 전액 환불하며 보통 3영업일 이내 처리됩니다.	。如因余位不足无法出票，将全额退款，通常在三个工作日内处理。
관광지를 선택하면 咨询内容을 만들 수 있습니다.	选择景区后即可生成咨询内容。
※ 표시된 티켓 판매가는 단독 예약 서비스 요금이 반영된 금액입니다. 현지 정책 및 우대 대상 확인 결과에 따라 최종 금액이 달라질 수 있습니다.	显示的门票售价含单独预订服务费用。最终金额可能随当地政策及优惠资格核验结果变化。
机场接送 또는 8시간 전용车型을 선택할 수 있습니다.	可以选择机场接送或八小时专车。
乘车人数뿐 아니라 大件行李의 개수도 车型 선택에 중요합니다.	选车型时须同时考虑乘车人数和大件行李数量。
픽업 시간	接客时间
노선	路线
航班号명	航班号
날짜, 시간, 接站地点와 到达地点를 입력해 주세요.	请填写日期、时间、接客地点和目的地。
요금 안내	费用说明
상품 버전과 적용 조건을 주문 내용에 함께 기록합니다.	咨询内容将同时记录产品版本及适用条件。
芙蓉镇 왕복: 5·7座 +120,000韩元 / 12座 이상 +160,000韩元 / 9座 별도 문의	芙蓉镇往返：5或7座加120,000韩元，12座及以上加160,000韩元，9座请单独咨询
초과시간 +20,000韩元/시간	超时每小时加20,000韩元
고속도로·주차비 별도	高速费与停车费另计
예상 车型 비용	预计用车费用
선택한 서비스 기준 참고 금액입니다.	根据所选服务计算的参考金额。
5座 승용차	5座轿车
机场 ↔ 张家界市区 · 편도	机场与张家界市区，单程
车型사용비·주유비·도로비·중국인 기사	车辆使用费、燃油费、道路费用与中国司机
5·7座 120,000韩元 / 12座 이상 160,000韩元 · 9座은 별도 문의	5或7座120,000韩元，12座及以上160,000韩元，9座单独咨询
별도 문의	单独咨询
芙蓉镇 왕복 추가	芙蓉镇往返附加费用
기타 특수지역	其他特殊地区
车型 예약 문의	用车预订咨询
상품 ID와 버전이 咨询 내용에 자동 기록됩니다. 车型 확정 전 인韩元과 수하물 적재 가능 여부를 확인합니다.	咨询内容自动记录产品ID和版本。确定车型前须核实人数与行李装载空间。
